model,lm.err,lm.sd
y ~ V11 + V12 + V13 + V17 + V12.2,23.655433,4.319979
y ~ V11 + V12 + V13 + V17 + V12.2 + V12.V17,24.650799,5.522014
y ~ V11 + V12 + V13 + V18 + V12.2 + V12.V18,24.728938,5.373833
y ~ V11 + V12 + V13 + V18 + V12.2,24.71344,5.32118